wall_time,step,value
1527369467.341265,8,2.650388479232788
1527369467.671505,15,0.20625582337379456
1527369468.031235,22,0.1228388249874115
1527369468.43351,29,0.08825615793466568
1527369468.803938,36,0.060983866453170776
1527369469.218067,43,0.049755122512578964
1527369469.634698,50,0.04134652018547058
1527369470.039251,57,0.027557816356420517
1527369470.471993,64,0.01686866395175457
1527369470.899633,71,0.0129800233989954
1527369471.349069,78,0.009102679789066315
1527369471.816688,85,0.006833290681242943
1527369472.310791,92,0.0059999749064445496
1527369472.84828,99,0.005457842722535133
1527369473.36126,106,0.00541068846359849
1527369473.857596,113,0.005179224070161581
1527369474.362852,120,0.0052190846763551235
1527369474.877176,127,0.0054907407611608505
1527369475.385722,134,0.005199706181883812
1527369475.870355,141,0.005319762043654919
1527369476.360374,148,0.005309244617819786
1527369476.874771,155,0.005132035817950964
1527369477.434591,162,0.005370235536247492
1527369478.111514,169,0.005086839199066162
1527369479.000466,176,0.00528350006788969
1527369479.644183,183,0.005130303557962179
1527369480.336536,190,0.005535513162612915
1527369480.937208,197,0.005709177814424038
1527369481.433937,204,0.005404922645539045
1527369482.064125,211,0.005117197521030903
1527369482.647375,218,0.005566591862589121
1527369483.175077,225,0.00563719542697072
1527369483.745305,232,0.0059849051758646965
1527369484.395251,239,0.005465734284371138
1527369484.922794,246,0.0059859780594706535
1527369485.488772,253,0.0060071502812206745
1527369486.027366,260,0.00679823150858283
1527369486.82891,267,0.006511537823826075
1527369487.471892,274,0.006323796696960926
1527369488.195393,281,0.007793042808771133
1527369489.073408,289,0.006386169698089361
1527369490.015918,297,0.006665306631475687
1527369490.934069,305,0.006168810185045004
1527369492.650069,313,0.006380677223205566
1527369494.037057,321,0.006786587182432413
1527369496.029757,329,0.006289968732744455
1527369497.425091,337,0.006272129714488983
1527369498.908202,346,0.006192135624587536
1527369500.593777,355,0.007225418463349342
1527369501.733643,364,0.006088784895837307
1527369503.122702,374,0.007050246931612492
1527369504.104509,384,0.007492502685636282
1527369505.510726,395,0.0074636125937104225
1527369506.994137,407,0.0088035361841321
1527369508.332213,420,0.00891842506825924
1527369509.702822,434,0.00800803117454052
1527369511.183724,450,0.009413636289536953
1527369512.917729,468,0.009330475702881813
1527369514.998699,492,0.009651525877416134
1527369519.842288,552,0.013827238231897354
1527369522.592887,587,0.015812473371624947
1527369526.263539,634,0.019844921305775642
1527369529.636125,676,0.02255506068468094
1527369532.815159,716,0.02486247569322586
1527369536.085872,757,0.023664971813559532
1527369539.377122,798,0.028791721910238266
1527369542.362356,835,0.037829626351594925
1527369544.214509,856,0.03761260211467743
1527369546.202497,878,0.04183543100953102
1527369549.220137,916,0.12345686554908752
1527369551.805139,948,0.08155925571918488
1527369553.857528,973,0.06592202186584473
1527369555.344655,991,0.06467125564813614
1527369556.578839,1006,0.06565185636281967
1527369557.791052,1020,0.06621512770652771
1527369559.188537,1036,0.07541478425264359
1527369560.333857,1050,0.0789497047662735
1527369562.50776,1064,0.08091728389263153
1527369563.773498,1079,0.09707147628068924
1527369564.859392,1092,0.08902010321617126
1527369566.223456,1106,0.1044691726565361
1527369567.219778,1118,0.10607701539993286
1527369568.379288,1132,0.11429877579212189
1527369569.600192,1146,0.11655186116695404
1527369570.880412,1161,0.1321120411157608
1527369571.916702,1173,0.12537309527397156
1527369573.028869,1185,0.12572439014911652
1527369574.219305,1196,0.13739623129367828
1527369575.59697,1212,0.1456213742494583
1527369577.052854,1229,0.1421174705028534
1527369578.539474,1246,0.147650808095932
1527369580.045605,1263,0.14526638388633728
1527369581.51143,1280,0.14821524918079376
1527369582.930122,1296,0.1606283336877823
1527369584.300852,1312,0.17333847284317017
1527369585.745233,1328,0.17453323304653168
1527369587.129441,1344,0.1784474402666092
1527369588.488385,1359,0.18009573221206665
1527369590.105559,1374,0.18696893751621246
1527369591.712715,1389,0.1983579695224762
1527369592.586619,1399,0.19995619356632233
1527369593.949013,1414,0.19283701479434967
1527369594.681199,1422,0.22269153594970703
1527369595.942307,1436,0.20845618844032288
1527369597.292666,1451,0.21783727407455444
1527369598.006513,1459,0.2700144052505493
1527369598.737632,1467,0.25012174248695374
1527369600.027497,1480,0.22993110120296478
1527369601.78599,1492,0.22627156972885132
1527369604.165334,1503,0.22647342085838318
1527369605.367082,1514,0.2132282257080078
1527369606.588653,1525,0.20215719938278198
1527369608.195398,1536,0.20869168639183044
1527369609.558416,1546,0.21203137934207916
1527369610.797714,1557,0.2143721878528595
1527369612.341657,1567,0.22190488874912262
1527369615.610682,1578,0.21630612015724182
1527369616.715642,1590,0.19232618808746338
1527369617.81544,1602,0.19432790577411652
1527369619.335,1616,0.1990591287612915
1527369621.461386,1631,0.18149729073047638
1527369623.493292,1644,0.17277173697948456
1527369625.120288,1659,0.18881238996982574
1527369630.050063,1685,0.17536555230617523
1527369633.652935,1709,0.17339560389518738
1527369636.107655,1734,0.16198976337909698
1527369638.740052,1761,0.16240659356117249
1527369645.43485,1789,0.14118100702762604
1527369651.542645,1818,0.13446293771266937
1527369656.664577,1850,0.1303999423980713
1527369663.824702,1881,0.12586769461631775
1527369667.049506,1913,0.10497615486383438
1527369673.354501,1942,0.09894988685846329
1527369681.284121,1970,0.09620897471904755
1527369689.86313,1998,0.09466222673654556
1527369694.135734,2026,0.08784723281860352
1527369700.329273,2050,0.0830371081829071
1527369706.162873,2074,0.08006982505321503
1527369710.27966,2097,0.08660884201526642
1527369713.399448,2120,0.08099804073572159
1527369717.071978,2143,0.0833883062005043
1527369719.488324,2166,0.08091802895069122
1527369722.328111,2192,0.09387902915477753
1527369724.762358,2215,0.09089864045381546
1527369727.477376,2240,0.09678994864225388
1527369730.155117,2264,0.10376755893230438
1527369732.633151,2287,0.10055826604366302
1527369733.886583,2298,0.08972925692796707
1527369735.009116,2308,0.09904393553733826
1527369736.234241,2319,0.10439558327198029
1527369738.831397,2343,0.09830129146575928
1527369741.263827,2365,0.08761707693338394
1527369742.450407,2376,0.08579418063163757
1527369743.65868,2387,0.0891716480255127
1527369744.774267,2397,0.08197569847106934
1527369745.973571,2408,0.08288438618183136
1527369747.057661,2418,0.0851910188794136
1527369748.156801,2428,0.07611484825611115
1527369749.415019,2439,0.0784735381603241
1527369750.571047,2449,0.08070545643568039
1527369751.675773,2459,0.06556225568056107
1527369752.783764,2469,0.07269442081451416
1527369753.921386,2479,0.06400718539953232
1527369755.152032,2490,0.06580580025911331
1527369756.282258,2500,0.0610378161072731
1527369757.501026,2511,0.06310967355966568
1527369758.614459,2521,0.05768073722720146
1527369759.779713,2531,0.06484338641166687
1527369760.926161,2541,0.055219125002622604
1527369762.071469,2551,0.05192020535469055
1527369763.541949,2564,0.05746164545416832
1527369764.67435,2574,0.0625564232468605
1527369766.997587,2584,0.06264730542898178
1527369772.739313,2597,0.06576186418533325
1527369773.784247,2606,0.058674782514572144
1527369776.076954,2617,0.0601063072681427
1527369780.750313,2627,0.05507367104291916
1527369784.558562,2638,0.05432388186454773
1527369786.032787,2646,0.05442437529563904
1527369787.098786,2655,0.05265738070011139
1527369789.686929,2666,0.05650885030627251
1527369790.895317,2676,0.05408705025911331
1527369792.305133,2688,0.05377465486526489
1527369793.6086,2699,0.0515061691403389
1527369794.912797,2710,0.05129123479127884
1527369796.211946,2721,0.04962708428502083
1527369797.995544,2735,0.047066397964954376
1527369802.03253,2747,0.05044803395867348
1527369803.704551,2758,0.047825854271650314
1527369805.826895,2771,0.04775228723883629
1527369807.250978,2781,0.0500093549489975
1527369809.382475,2797,0.05249405279755592
1527369811.359449,2814,0.04996461421251297
1527369813.982302,2832,0.05010167136788368
1527369816.194772,2849,0.04921730235219002
1527369818.66767,2867,0.04753602668642998
1527369821.165507,2886,0.05211472511291504
1527369823.725854,2904,0.06460095196962357
1527369825.866821,2922,0.05649101361632347
1527369828.480054,2940,0.05113217607140541
1527369832.035446,2958,0.0532957948744297
1527369834.246444,2976,0.0496952049434185
1527369836.385717,2994,0.05142877250909805
1527369838.958507,3012,0.05451728776097298
1527369841.668067,3030,0.049900494515895844
1527369843.867574,3048,0.05007350444793701
1527369846.049486,3066,0.05974363535642624
1527369848.153708,3083,0.05446578562259674
1527369850.648413,3101,0.04846697300672531
1527369853.248743,3119,0.0528578981757164
1527369855.687712,3136,0.05971091240644455
1527369858.486189,3154,0.05454792082309723
1527369860.973451,3171,0.051496755331754684
1527369864.264302,3190,0.05250898003578186
1527369868.614927,3208,0.049833450466394424
1527369872.693379,3226,0.055769238620996475
1527369876.128638,3243,0.051077309995889664
1527369879.196342,3259,0.05222928896546364
1527369881.669668,3277,0.09782933443784714
1527369884.170882,3295,0.11593209207057953
1527369886.399963,3312,0.06576971709728241
1527369888.600595,3329,0.05483396351337433
1527369890.705374,3345,0.05739209055900574
1527369893.181711,3364,0.05889783054590225
1527369895.518083,3382,0.056901562958955765
1527369898.324751,3403,0.05808697268366814
1527369902.050259,3422,0.05876410752534866
1527369904.959689,3438,0.05452413484454155
1527369908.519925,3458,0.0538998544216156
1527369911.413108,3478,0.05536237359046936
1527369914.765167,3503,0.05788540840148926
1527369916.896866,3519,0.06338369101285934
1527369919.193538,3536,0.05289920046925545
1527369922.034543,3557,0.06898259371519089
1527369924.315376,3574,0.06181027740240097
1527369926.588698,3591,0.054236240684986115
1527369928.812375,3608,0.05748888477683067
1527369931.235735,3626,0.05470699816942215
1527369933.492552,3643,0.056317124515771866
1527369935.903019,3661,0.05697118863463402
1527369938.059309,3677,0.05420512333512306
1527369940.33844,3694,0.04892272502183914
1527369942.808257,3712,0.052033260464668274
1527369945.120408,3729,0.06349758058786392
1527369947.584183,3747,0.060190342366695404
1527369949.867455,3764,0.05229945108294487
1527369952.44942,3783,0.05189407989382744
1527369954.938312,3801,0.053462665528059006
1527369957.287804,3818,0.059078510850667953
1527369959.762397,3836,0.05056294798851013
1527369962.096301,3853,0.05203281715512276
1527369964.226725,3869,0.07599338889122009
1527369966.707831,3886,0.05217829719185829
1527369969.296313,3904,0.04841439425945282
1527369971.683894,3921,0.053556058555841446
1527369974.034984,3938,0.052437733858823776
1527369976.403008,3955,0.052417002618312836
1527369978.934844,3973,0.05310562998056412
1527369983.351624,4004,0.06042231619358063
1527369986.183699,4024,0.06814178079366684
1527369989.393244,4046,0.052940111607313156
1527369994.899645,4084,0.06365010142326355
1527369999.086638,4114,0.0589132122695446
1527370004.526416,4152,0.06697351485490799
1527370009.385947,4186,0.06822142750024796
1527370014.38595,4221,0.07467338442802429
1527370018.959856,4253,0.07199592888355255
1527370023.032537,4281,0.07667885720729828
1527370026.513787,4305,0.07758952677249908
1527370030.716097,4334,0.06041135638952255
1527370034.171672,4358,0.05936126410961151
1527370037.217713,4379,0.07567048072814941
1527370040.017313,4398,0.06153830513358116
1527370042.820854,4417,0.06286803632974625
1527370046.756285,4443,0.0650201290845871
1527370050.624236,4468,0.06820366531610489
1527370055.864711,4503,0.09359559416770935
1527370061.001048,4537,0.09533260017633438
1527370065.502129,4567,0.06933053582906723
1527370071.276138,4606,0.07587862014770508
1527370074.983893,4629,0.08122983574867249
1527370077.991704,4649,0.07118473947048187
1527370080.997395,4669,0.07536043971776962
1527370083.727513,4687,0.06925073266029358
1527370088.720038,4720,0.07765351235866547
1527370092.079852,4742,0.06432653218507767
1527370095.449071,4764,0.07434805482625961
1527370097.137796,4775,0.06426072120666504
1527370101.915262,4806,0.0697656124830246
1527370109.046839,4850,0.06919173896312714
1527370113.462516,4877,0.07193994522094727
1527370116.854202,4899,0.07076945155858994
1527370120.690065,4924,0.06499975174665451
1527370126.557677,4962,0.081520214676857
1527370130.771387,4989,0.06620003283023834
1527370133.884577,5008,0.06001289188861847
1527370136.779367,5026,0.0714130848646164
1527370140.105573,5047,0.061159342527389526
1527370143.385565,5068,0.0607803575694561
1527370147.28928,5093,0.06741832196712494
1527370149.966882,5110,0.05972219631075859
1527370152.973699,5129,0.06303329765796661
1527370156.605807,5152,0.07194425910711288
1527370159.144476,5168,0.06401720643043518
1527370162.04569,5186,0.0767078548669815
1527370165.463883,5207,0.05482468008995056
1527370168.346504,5225,0.060899268835783005
1527370170.994314,5241,0.05666124075651169
1527370174.191568,5259,0.056843992322683334
1527370177.484393,5278,0.06585362553596497
1527370180.362103,5296,0.062481194734573364
1527370183.246286,5314,0.0535503588616848
1527370188.186077,5344,0.05945573374629021
1527370191.189394,5362,0.06209413707256317
1527370193.962646,5379,0.06490298360586166
1527370197.670522,5397,0.05904170870780945
1527370201.426112,5415,0.08258482813835144
1527370207.577097,5434,0.06009431555867195
1527370210.322537,5442,0.053347066044807434
1527370215.428239,5465,0.05101693049073219
1527370220.183792,5494,0.05817294120788574
1527370223.493886,5514,0.07683581858873367
1527370228.106912,5541,0.06582684814929962
1527370231.378312,5561,0.06766536086797714
1527370232.655791,5569,0.0581829696893692
1527370237.040658,5597,0.07841602712869644
1527370238.969251,5610,0.06552759557962418
1527370245.671933,5654,0.06396197527647018
1527370252.793573,5698,0.09581208229064941
1527370254.861819,5711,0.20333121716976166
1527370257.968147,5730,0.08970943093299866
1527370264.685854,5773,0.07601629942655563
1527370278.45732,5834,0.08267398923635483
1527370286.842508,5862,0.0752175897359848
1527370291.751399,5883,0.10384681820869446
1527370297.213235,5915,0.077928826212883
1527370303.139476,5947,0.07165616005659103
1527370311.262576,5994,0.07533157616853714
1527370313.868516,6008,0.07679931819438934
1527370321.166913,6051,0.08400723338127136
1527370325.225737,6075,0.12414051592350006
1527370329.912471,6101,0.0760287493467331
1527370341.878439,6156,0.08258666098117828
1527370350.112248,6180,0.09192477911710739
1527370352.770463,6192,0.08560851216316223
1527370365.376083,6244,0.11323203891515732
1527370371.128891,6270,0.08525893092155457
1527370376.600232,6294,0.08779437839984894
1527370381.778165,6317,0.08513226360082626
1527370385.007742,6331,0.1434532105922699
1527370389.71048,6351,0.08961334824562073
1527370395.183928,6375,0.08168947696685791
1527370399.41551,6392,0.09424665570259094
1527370404.795147,6415,0.09095718711614609
1527370409.582811,6433,0.09595496207475662
1527370415.833041,6456,0.09097978472709656
1527370419.730021,6471,0.14337493479251862
1527370432.820397,6521,0.0924508348107338
1527370444.862031,6566,0.2043725848197937
1527370459.953007,6611,0.10562223941087723
1527370469.737007,6646,0.1707790493965149
1527370473.952119,6662,0.13898490369319916
1527370484.923378,6703,0.09835295379161835
1527370498.366366,6753,0.09161047637462616
1527370505.023359,6776,0.0910494402050972
1527370508.761558,6790,0.10325278341770172
1527370519.95579,6831,0.10688983649015427
1527370532.107278,6873,0.09741704165935516
1527370535.797275,6885,0.09012143313884735
1527370548.612882,6932,0.10679025948047638
1527370551.195924,6941,0.11866660416126251
1527370559.540553,6971,0.13486190140247345
1527370562.838208,6983,0.1280500739812851
1527370565.639683,6993,0.18563595414161682
1527370568.060502,7001,0.12039605528116226
1527370570.75676,7011,0.10568339377641678
1527370573.264164,7020,0.14967676997184753
1527370576.011666,7030,0.11400379240512848
1527370578.562811,7039,0.10893624275922775
1527370580.723291,7047,0.09590562433004379
1527370593.947851,7094,0.17577165365219116
1527370601.847896,7122,0.17319582402706146
1527370607.557663,7142,0.10906776785850525
1527370612.85089,7161,0.118645578622818
1527370618.226795,7180,0.11629891395568848
1527370625.613131,7206,0.11477619409561157
1527370630.622002,7223,0.11191845685243607
1527370639.062482,7253,0.11108104139566422
1527370643.882249,7270,0.1140763983130455
1527370649.922266,7286,0.11977188289165497
1527370654.991974,7300,0.13773034512996674
1527370661.688714,7317,0.10666777938604355
1527370678.081411,7360,0.12802889943122864
1527370685.922853,7379,0.13001705706119537
1527370697.846303,7409,0.10812817513942719
1527370708.28899,7450,0.17979633808135986
1527370719.318294,7499,0.12217137962579727
1527370723.818886,7522,0.12084604799747467
1527370734.722451,7578,0.144715815782547
1527370742.353391,7617,0.12137766182422638
1527370749.417686,7653,0.12495444715023041
1527370755.990423,7687,0.16971826553344727
1527370761.796031,7717,0.11805808544158936
1527370769.919976,7759,0.11611838638782501
1527370774.25138,7781,0.15193800628185272
1527370777.750684,7799,0.1834845244884491
1527370786.599729,7844,3.097447395324707
1527370790.006696,7861,0.985076904296875
1527370792.388649,7873,0.6686753630638123
1527370794.933729,7886,0.5752348303794861
1527370797.516764,7899,0.5208816528320312
1527370800.683856,7915,0.5023885369300842
1527370803.192663,7928,0.45333927869796753
1527370806.505397,7945,0.43406519293785095
1527370809.285939,7959,0.3953861594200134
1527370812.445473,7975,0.3811940550804138
1527370815.868343,7992,0.3658500611782074
1527370818.637139,8006,0.3646153509616852
1527370822.035408,8023,0.35238802433013916
1527370825.24754,8039,0.3339715301990509
1527370828.622745,8056,0.324690580368042
1527370831.831081,8072,0.3154008388519287
1527370835.070826,8088,0.30962300300598145
1527370838.304703,8104,0.31482040882110596
1527370841.547649,8120,0.31724488735198975
1527370844.76124,8136,0.2984357476234436
1527370848.088586,8152,0.2838227450847626
1527370851.338401,8168,0.33497270941734314
1527370854.759703,8185,0.3080844581127167
1527370858.027783,8201,0.29399219155311584
1527370861.291333,8217,0.2792160212993622
1527370864.555165,8233,0.25945180654525757
1527370867.828773,8249,0.26607978343963623
1527370871.22968,8266,0.275003582239151
1527370874.701386,8283,0.260149747133255
1527370878.160055,8300,0.2615962624549866
1527370881.496267,8316,0.24825327098369598
1527370884.964691,8333,0.2600049078464508
1527370889.556832,8355,0.24684973061084747
1527370893.261452,8373,0.24869900941848755
1527370896.750404,8390,0.24074415862560272
1527370900.299679,8407,0.2436637133359909
1527370903.834969,8424,0.23325160145759583
1527370907.755988,8443,0.2314130812883377
1527370911.896988,8463,0.22726668417453766
1527370915.189448,8479,0.23004163801670074
1527370918.970111,8497,0.22916918992996216
1527370921.850757,8511,0.2198428362607956
1527370926.420682,8533,0.2255639135837555
1527370929.759375,8549,0.21913652122020721
1527370934.601105,8572,0.21484912931919098
1527370937.735406,8587,0.21339231729507446
1527370940.671146,8601,0.22151616215705872
1527370945.927342,8626,0.21059270203113556
1527370952.701252,8658,0.2130415439605713
1527370955.649692,8672,0.21147407591342926
1527370959.905122,8692,0.21552816033363342
1527370963.676514,8710,0.21678829193115234
1527370967.242779,8727,0.21534955501556396
1527370970.416646,8742,0.2125697284936905
1527370973.574409,8757,0.210731640458107
1527370976.779964,8772,0.23279187083244324
1527370980.065591,8787,0.21315878629684448
1527370983.454917,8803,0.21351593732833862
1527370986.638814,8818,0.20765408873558044
1527370990.900561,8838,0.20515914261341095
1527370994.07917,8853,0.2549193799495697
1527370997.496293,8869,0.25298944115638733
1527371001.362405,8887,0.21717976033687592
1527371007.859678,8917,0.20632043480873108
1527371011.571462,8934,0.22023358941078186
1527371016.537077,8957,0.2161073237657547
1527371019.593256,8971,0.21690776944160461
1527371023.729371,8990,0.21413886547088623
1527371028.717635,9013,0.23072858154773712
1527371033.481908,9035,0.24384647607803345
1527371037.792754,9055,0.20994333922863007
1527371042.545014,9077,0.2311425656080246
1527371047.531536,9100,0.4609701931476593
1527371050.821744,9115,0.25570040941238403
1527371055.037334,9134,0.21061532199382782
1527371058.948732,9152,0.21596422791481018
1527371062.675626,9169,0.21381308138370514
1527371066.641161,9187,0.2104024440050125
1527371070.762581,9206,0.21634505689144135
1527371074.540593,9223,0.21486254036426544
1527371076.510532,9232,0.22593140602111816
1527371080.433193,9250,0.22816996276378632
1527371082.422,9259,0.25193625688552856
1527371084.421626,9268,0.20068685710430145
1527371086.628792,9278,0.2064868062734604
1527371090.18493,9294,0.2136908918619156
1527371093.581327,9309,0.21566082537174225
1527371097.168487,9325,0.2042747586965561
1527371100.913324,9342,0.20653335750102997
1527371102.903221,9351,0.21157214045524597
1527371104.700809,9359,0.21412883698940277
1527371106.703063,9368,0.21611016988754272
1527371110.738368,9386,0.21048559248447418
1527371114.543658,9403,0.20191390812397003
1527371118.813478,9422,0.2005864381790161
1527371122.821676,9440,0.21688427031040192
1527371127.100377,9459,0.21746544539928436
1527371130.709775,9475,0.20880888402462006
1527371134.960271,9494,0.20837357640266418
1527371138.577173,9510,0.22518379986286163
1527371142.444839,9527,0.1975436955690384
1527371146.280896,9544,0.1979183554649353
1527371150.541245,9563,0.19125957787036896
1527371154.842283,9582,0.17861999571323395
1527371158.894818,9600,0.18413925170898438
1527371162.739569,9617,0.20382796227931976
1527371168.686894,9643,0.19571395218372345
1527371172.355288,9659,0.20427539944648743
1527371176.520955,9677,0.2124190330505371
1527371180.599662,9695,0.25769343972206116
1527371183.903465,9709,0.17639321088790894
1527371188.216669,9728,0.24095280468463898
1527371191.677987,9743,0.19301259517669678
1527371195.328206,9759,0.18095067143440247
1527371199.008093,9775,0.1742609739303589
1527371202.496588,9790,0.17667940258979797
1527371205.91144,9805,0.17258672416210175
1527371207.94992,9814,0.18333372473716736
1527371211.432623,9829,0.19652995467185974
1527371213.50237,9838,0.1842840015888214
1527371215.638864,9847,0.18330419063568115
1527371217.473773,9855,0.1738351583480835
1527371221.351702,9872,0.18238873779773712
1527371225.283018,9889,0.18323947489261627
1527371228.320506,9902,0.19298537075519562
1527371231.557318,9916,0.2831438183784485
1527371235.015289,9931,0.20511718094348907
1527371239.473647,9950,0.23108986020088196
1527371243.220381,9966,0.16559122502803802
1527371245.305859,9975,0.17505373060703278
1527371249.049298,9991,0.20129476487636566
1527371252.112893,10004,0.1663656234741211
1527371255.54799,10018,0.17696960270404816
1527371259.705587,10035,0.19551795721054077
1527371261.841602,10044,0.16989199817180634
1527371263.950499,10053,0.16775567829608917
1527371267.505283,10068,0.20321139693260193
1527371270.545541,10081,0.25160905718803406
1527371282.951639,10133,0.19887854158878326
1527371286.798797,10149,0.18334947526454926
1527371290.080005,10163,0.17217354476451874
1527371294.089539,10180,0.1834794282913208
1527371298.575305,10199,0.19222988188266754
1527371301.885333,10213,0.17810143530368805
1527371304.964814,10226,0.1607782244682312
1527371308.500612,10241,0.1675044447183609
1527371311.550726,10254,0.1678764820098877
1527371315.159261,10269,0.23626400530338287
1527371318.289655,10282,0.1884709596633911
1527371322.117661,10298,0.17024236917495728
1527371324.238558,10307,0.170249342918396
1527371335.532808,10354,0.17728205025196075
1527371339.330495,10370,0.2845032215118408
1527371343.56907,10388,0.19050903618335724
1527371346.747062,10401,0.18817995488643646
1527371350.12805,10415,0.15589258074760437
1527371353.772782,10430,0.16034150123596191
1527371357.885077,10447,0.1512201726436615
1527371362.953395,10468,0.1609332114458084
1527371367.291531,10486,0.15861473977565765
1527371371.136691,10502,0.16100071370601654
1527371374.319916,10515,0.16099333763122559
1527371378.651614,10533,0.15869523584842682
1527371383.486153,10553,0.14808884263038635
1527371387.566772,10570,0.15121906995773315
1527371390.472004,10582,0.15034566819667816
1527371394.348446,10598,0.2236148715019226
1527371397.04948,10609,0.16336235404014587
1527371400.754197,10624,0.149519145488739
1527371405.424789,10643,0.2792179584503174
1527371408.80609,10657,0.16094504296779633
1527371411.740833,10669,0.14046159386634827
1527371416.994434,10690,0.14752788841724396
1527371421.918305,10710,0.1379147171974182
1527371427.233225,10732,0.13952529430389404
1527371435.928185,10767,0.1434032917022705
1527371439.615557,10779,0.4185796082019806
1527371443.212252,10792,0.1654931902885437
1527371446.547848,10804,0.15043334662914276
1527371452.392157,10826,0.1335151195526123
1527371458.575213,10849,0.21378713846206665
1527371461.810421,10861,0.1726507842540741
1527371464.972666,10873,0.13182927668094635
1527371469.327535,10889,0.13444694876670837
1527371475.808718,10913,0.1304800808429718
1527371479.062367,10925,0.1506914496421814
1527371484.779253,10945,0.13921065628528595
1527371490.690551,10967,0.13105404376983643
1527371493.951126,10979,0.12774518132209778
1527371497.162374,10991,0.12724106013774872
1527371500.99996,11005,0.1355074942111969
1527371504.27478,11017,0.13662809133529663
1527371516.083425,11061,0.1838814616203308
1527371519.318522,11073,0.1376187950372696
1527371527.416785,11103,0.15490604937076569
1527371530.95929,11116,0.1441236287355423
1527371540.806589,11152,0.14493891596794128
1527371547.649589,11177,0.15100669860839844
1527371550.945715,11189,0.17260506749153137
1527371555.080245,11204,0.15419235825538635
1527371558.082052,11215,0.1564035564661026
1527371561.067957,11226,0.14659306406974792
1527371572.86602,11269,0.18966010212898254
1527371580.262993,11296,0.18917356431484222
1527371588.500551,11326,0.1680961698293686
1527371597.083412,11357,0.17140644788742065
1527371602.641588,11377,0.16574349999427795
1527371613.736661,11417,0.2641980051994324
1527371619.579842,11438,0.21998119354248047
1527371622.975629,11450,0.1764248013496399
1527371626.607366,11463,0.17345573008060455
1527371634.73063,11492,0.177115336060524
1527371638.069316,11504,0.1631644368171692
1527371641.707078,11517,0.17316918075084686
1527371645.049272,11529,0.16664177179336548
1527371648.413696,11541,0.16860106587409973
1527371659.574116,11581,0.17627911269664764
1527371664.653696,11599,0.2086980640888214
1527371668.404974,11612,0.27383944392204285
1527371677.914523,11646,0.1998225301504135
1527371681.311915,11658,0.1981019824743271
1527371684.67023,11670,0.1828436553478241
1527371688.632039,11684,0.4181208908557892
1527371702.92739,11734,0.19724799692630768
1527371706.532634,11746,0.18009278178215027
1527371710.238019,11759,0.1840532124042511
1527371714.223206,11773,0.1762038767337799
1527371717.961411,11786,0.1795816719532013
1527371725.936956,11814,0.18248113989830017
1527371729.650566,11827,0.2565419375896454
1527371734.023913,11842,0.17004141211509705
1527371740.930303,11866,0.19209153950214386
1527371744.647711,11879,0.17887535691261292
1527371757.626612,11924,0.19244243204593658
1527371761.64923,11935,0.20010501146316528
1527371765.950292,11949,0.2143840789794922
1527371769.11877,11960,0.2032143473625183
1527371772.825518,11973,0.20196057856082916
1527371779.401082,11996,0.2646937966346741
1527371783.253969,12009,0.18102113902568817
1527371787.575087,12024,0.18124201893806458
1527371791.084198,12036,0.17209415137767792
1527371794.86067,12049,0.19380775094032288
1527371802.644905,12076,0.17878761887550354
1527371806.400777,12089,0.18708103895187378
1527371811.034985,12105,0.2524714469909668
1527371817.098264,12126,0.22787824273109436
1527371820.603742,12138,0.18389923870563507
1527371824.381032,12151,0.17527422308921814
1527371828.181967,12164,0.16636107861995697
1527371831.944873,12177,0.18374177813529968
1527371836.352668,12192,0.2125985026359558
1527371839.867421,12204,0.1901700794696808
1527371848.685795,12234,0.23570214211940765
1527371852.487639,12247,0.19837769865989685
1527371856.298909,12260,0.1827104687690735
1527371859.573095,12271,0.17738106846809387
1527371867.799127,12299,0.17919494211673737
1527371871.597711,12312,0.2030981332063675
1527371875.716498,12326,0.1879267394542694
1527371880.480967,12342,0.17676031589508057
1527371884.316893,12355,0.1780826449394226
1527371887.840908,12367,0.17472578585147858
1527371891.944802,12381,0.1740761399269104
1527371895.745275,12394,0.19637127220630646
1527371899.866613,12408,0.20335426926612854
1527371904.554839,12424,0.197035014629364
1527371914.025189,12456,0.23631568253040314
1527371917.936177,12469,0.2685631513595581
1527371921.195995,12480,0.2423197329044342
1527371924.743188,12492,0.22758884727954865
1527371928.609921,12505,0.1734723448753357
1527371932.491649,12518,0.16679647564888
1527371936.380022,12531,0.21105891466140747
1527371940.279349,12544,0.17142942547798157
1527371944.154261,12557,0.19184455275535583
1527371947.427348,12568,0.1678680032491684
1527371960.714743,12612,0.1903189718723297
1527371965.103245,12626,0.20050287246704102
1527371969.039032,12639,0.19358302652835846
1527371976.324281,12663,0.20002339780330658
1527371980.869004,12678,0.26246732473373413
1527371984.775125,12691,0.20806032419204712
1527371990.818588,12711,0.27817073464393616
1527372005.68515,12760,0.19656898081302643
1527372019.751797,12806,0.23933719098567963
1527372028.996705,12836,0.24016855657100677
1527372041.756494,12878,0.2136605679988861
1527372048.219923,12899,0.21111707389354706
1527372054.640348,12920,0.3177081346511841
1527372061.361073,12942,0.22561608254909515
1527372067.786755,12963,0.21547004580497742
1527372073.573572,12982,0.2238570898771286
1527372080.599372,13005,0.23654325306415558
1527372086.854642,13025,0.22355827689170837
1527372094.293148,13049,0.2289060652256012
1527372100.146081,13068,0.23792988061904907
1527372106.910459,13090,0.23618803918361664
1527372119.525872,13131,0.33297914266586304
1527372126.629404,13154,0.23807941377162933
1527372132.794378,13174,0.2368638813495636
1527372139.26782,13195,0.23457932472229004
1527372150.392029,13231,0.2639307677745819
1527372156.901681,13252,0.24740055203437805
1527372164.027613,13275,0.3077963590621948
1527372170.899876,13297,0.2506145238876343
1527372179.364823,13324,0.24687282741069794
1527372186.82224,13348,0.24028280377388
1527372195.618805,13376,0.2682361304759979
1527372203.394028,13401,0.2631531357765198
1527372211.879908,13428,0.2421657294034958
1527372229.428449,13484,0.2871560752391815
1527372245.460477,13535,0.29523709416389465
1527372254.542062,13564,0.2611842453479767
1527372270.867812,13615,0.25506243109703064
1527372286.824334,13665,0.2786070704460144
1527372302.37387,13714,0.2976418137550354
1527372320.905315,13772,0.27725785970687866
1527372339.785507,13830,0.3271641135215759
1527372356.940888,13883,0.3006829619407654
1527372376.575644,13944,0.35778874158859253
1527372397.269442,14007,0.6696163415908813
1527372414.443423,14060,0.39490124583244324
1527372453.599502,14179,0.38328713178634644
1527372479.354932,14256,0.36105915904045105
1527372496.428285,14307,0.37808477878570557
1527372562.862871,14507,0.5327015519142151
1527372586.18276,14577,1.1540420055389404
1527372614.646518,14662,0.920596182346344
1527372630.787337,14710,0.6034782528877258
1527372647.504982,14760,0.5713061690330505
1527372670.422322,14828,0.5579133033752441
1527372712.563112,14951,0.6217866539955139
1527372740.472754,15032,0.5888020992279053
1527372759.499283,15087,0.5672737956047058
1527372783.286765,15156,0.556186318397522
1527372797.084989,15196,0.5375016927719116
1527372814.34447,15246,0.5451038479804993
1527372836.812827,15311,0.5465459823608398
1527372862.613673,15385,0.5594472289085388
1527372932.771242,15585,0.6071542501449585
1527372948.203961,15628,0.6554123759269714
1527372963.396953,15671,0.6269554495811462
1527372982.02928,15723,0.6322829723358154
1527373004.107295,15785,0.6139742136001587
1527373039.401185,15884,0.6738309860229492
1527373064.461951,15954,0.6710004210472107
1527373086.941923,16016,0.6775116324424744
1527373100.909762,16054,0.6574718356132507
1527373164.763065,16231,0.6918014287948608
1527373182.154185,16279,0.6979227662086487
1527373197.406661,16321,0.7039596438407898
1527373219.563829,16382,0.702829122543335
1527373237.585132,16431,0.6934085488319397
1527373257.032937,16484,0.7149470448493958
1527373318.783204,16650,0.7839900851249695
1527373336.787044,16698,0.7895798683166504
1527373355.995726,16749,0.795569121837616
1527373394.993255,16853,0.8637135028839111
1527373414.973637,16906,0.8719565272331238
1527373438.700904,16969,0.8601757287979126
1527373457.591587,17019,0.8637528419494629
1527373491.996624,17110,0.8637662529945374
1527373512.094565,17163,0.916233241558075
1527373538.774541,17233,0.9370896816253662
1527373557.754538,17283,0.9880719184875488
1527373575.343396,17329,0.9519047737121582
1527373596.370709,17384,0.9263149499893188
1527373616.426197,17436,0.9152698516845703
1527373645.692977,17511,0.9237683415412903
1527373669.725942,17572,1.0207569599151611
1527373688.913978,17621,1.1250345706939697
1527373745.564608,17766,0.9902809858322144
1527373765.670636,17817,1.0517743825912476
1527373786.915002,17871,1.0220619440078735
1527373865.659588,18071,1.021317481994629
1527373885.965789,18121,1.0252795219421387
1527373911.167446,18184,1.0429658889770508
1527373930.760199,18233,1.0317827463150024
1527373951.633602,18285,1.0200761556625366
1527373980.577979,18357,1.0025300979614258
1527374006.35529,18421,1.0013306140899658
1527374029.41138,18478,1.0335756540298462
1527374064.506824,18565,1.0632623434066772
1527374102.714983,18659,1.0698288679122925
1527374153.483663,18784,1.1638188362121582
1527374174.680887,18836,1.1869258880615234
1527374197.270377,18891,1.1497223377227783
1527374223.932056,18956,1.1756641864776611
1527374247.420679,19013,1.1795486211776733
1527374276.783778,19084,1.2120418548583984
1527374339.152996,19235,1.2644411325454712
1527374380.688268,19335,1.328141212463379
1527374417.272755,19422,1.3050237894058228
1527374445.268399,19488,1.3092219829559326
1527374469.249058,19545,1.2798949480056763
1527374492.918284,19601,1.236953854560852
1527374529.217257,19687,1.2775607109069824
1527374552.472929,19742,1.1928986310958862
1527374582.569732,19813,1.2276548147201538
1527374605.094364,19866,1.1817126274108887
1527374636.033565,19938,1.2170990705490112
1527374660.545121,19995,1.1954457759857178
1527374683.854758,20049,1.1542022228240967
1527374710.779573,20111,1.132131576538086
1527374735.825364,20169,1.1324701309204102
1527374798.828688,20314,1.1387364864349365
1527374859.37686,20453,1.1501011848449707
1527374889.181458,20521,1.1772130727767944
1527374914.548762,20579,1.1829838752746582
1527374948.012126,20655,1.1575722694396973
1527374971.397867,20708,1.1801857948303223
1527375003.263202,20780,1.161663293838501
1527375059.48056,20908,1.2344835996627808
1527375088.246328,20973,1.2235957384109497
1527375121.878169,21050,1.2271645069122314
1527375151.63102,21118,1.2556724548339844
1527375177.153725,21176,1.2453703880310059
1527375218.571276,21270,1.2762545347213745
1527375253.997096,21350,1.338667392730713
1527375281.284516,21412,1.335771918296814
1527375306.246067,21468,1.3542201519012451
1527375336.151941,21535,1.6264677047729492
1527375358.944413,21586,1.433563232421875
1527375424.766123,21733,1.4604320526123047
1527375481.705878,21859,1.5919116735458374
1527375519.789783,21943,1.631711483001709
1527375554.24983,22019,1.6940966844558716
1527375588.354858,22094,1.667729139328003
1527375628.870412,22183,1.750302791595459
1527375659.943542,22251,1.74635648727417
1527375688.497232,22313,1.7293851375579834
1527375739.308217,22423,1.7316207885742188
1527375784.416676,22521,1.8656127452850342
1527375813.122447,22583,1.8994011878967285
1527375845.61193,22653,1.88599693775177
1527375876.254392,22719,1.893597960472107
1527375945.631311,22868,1.9753137826919556
1527375979.908506,22941,2.076136827468872
1527376074.128611,23141,2.012190103530884
1527376119.192218,23236,2.1602253913879395
1527376148.028723,23297,1.9947596788406372
1527376193.343362,23392,2.0356462001800537
1527376256.06583,23523,2.130037784576416
1527376307.803923,23630,2.130295515060425
1527376335.111061,23687,2.147963762283325
1527376365.896927,23751,2.1437108516693115
1527376399.243453,23820,2.15637469291687
1527376467.038257,23960,2.134047746658325
1527376494.641766,24017,2.1220858097076416
1527376543.790091,24118,2.1186327934265137
1527376602.185176,24237,2.1853606700897217
1527376640.000514,24314,2.2587931156158447
1527376667.021074,24369,2.1462550163269043
1527376697.192948,24430,2.200551986694336
1527376727.710229,24492,2.1490261554718018
1527376797.552493,24633,2.186406135559082
1527376824.490861,24687,2.216777801513672
1527376858.306905,24755,2.3043034076690674
1527376885.311978,24809,2.25301194190979
1527376909.330659,24857,2.1615097522735596
1527376939.847024,24918,2.1543805599212646
1527376965.971439,24970,2.1129496097564697
1527376997.206104,25032,2.141223192214966
1527377024.606707,25086,2.0901074409484863
1527377048.466882,25133,2.1283786296844482
1527377076.058567,25188,2.19728422164917
1527377094.844149,25225,2.1548912525177
1527377121.608702,25278,2.14953351020813
1527377152.493695,25339,2.130488395690918
1527377174.852156,25383,2.0957629680633545
1527377201.125555,25434,2.1191577911376953
1527377228.21326,25487,2.057677745819092
1527377265.460108,25560,2.64404296875
1527377290.978504,25610,2.9652771949768066
1527377342.592662,25711,2.339637279510498
1527377381.645992,25787,2.3092448711395264
1527377406.803177,25836,2.3987274169921875
1527377432.064765,25885,2.3834407329559326
1527377454.139153,25928,2.359447717666626
1527377475.37705,25969,2.3242650032043457
1527377501.467129,26019,2.3596811294555664
1527377529.525029,26073,2.335702657699585
1527377557.052957,26126,2.4451093673706055
1527377582.507374,26175,2.408968210220337
1527377624.839186,26256,2.3817055225372314
1527377655.751267,26315,2.467367172241211
1527377681.760404,26365,2.3656933307647705
1527377775.317811,26543,2.652414083480835
1527377804.602913,26598,2.7624311447143555
1527377828.955042,26644,2.6017258167266846
1527377852.156977,26688,2.530240297317505
1527377880.284141,26741,2.4708518981933594
1527377905.717995,26789,2.4550719261169434
1527377930.810666,26836,2.6269192695617676
1527377956.817944,26885,2.403749704360962
1527377998.985494,26964,2.377326726913452
1527378028.243297,27019,2.5196244716644287
1527378052.897615,27065,2.3960604667663574
1527378081.191962,27118,2.3509082794189453
1527378103.248817,27159,2.3989856243133545
1527378129.497898,27208,2.33345365524292
1527378154.055279,27254,2.4391214847564697
1527378179.375407,27301,2.343517780303955
1527378205.2277,27349,2.327207088470459
1527378259.910868,27450,2.3392131328582764
1527378290.732584,27507,2.4749295711517334
1527378326.559838,27573,2.4320671558380127
1527378351.149858,27618,2.3331682682037354
1527378375.723735,27663,2.4447882175445557
1527378403.465172,27713,2.306313991546631
1527378431.455956,27764,2.3752002716064453
1527378456.654265,27810,2.331960916519165
1527378486.299634,27864,2.393113136291504
1527378513.236218,27913,2.4461300373077393
1527378572.075333,28020,2.3638741970062256
1527378607.006883,28083,2.4126663208007812
1527378666.753974,28191,2.365168333053589
1527378737.777458,28319,2.423977851867676
1527378767.345723,28372,2.489386796951294
1527378799.209989,28429,2.405130624771118
1527378853.370332,28526,2.430793046951294
1527378881.976006,28577,2.50643253326416
1527378911.220215,28629,2.367631673812866
1527378941.052302,28682,2.470525026321411
1527378976.236285,28744,2.349623680114746
1527379001.285801,28788,2.526733875274658
1527379042.426211,28861,2.3879756927490234
1527379074.284626,28917,2.8415629863739014
1527379099.223428,28961,3.512187957763672
1527379130.398326,29016,2.7644760608673096
1527379167.967714,29082,2.5265471935272217
1527379201.568168,29141,2.4182844161987305
1527379227.834629,29187,2.4465181827545166
1527379261.691931,29246,2.3371715545654297
1527379285.280039,29287,2.3884520530700684
1527379320.703694,29349,2.3217315673828125
1527379360.443624,29418,2.341600179672241
1527379390.349744,29470,2.245173454284668
1527379430.152642,29539,2.3407304286956787
1527379462.577823,29595,2.3691656589508057
1527379493.284035,29648,2.3378806114196777
1527379529.741466,29711,2.430722951889038
1527379562.391777,29767,2.3979220390319824
1527379606.914636,29843,2.3560848236083984
1527379639.656486,29899,2.3728978633880615
1527379675.405782,29960,2.3258049488067627
1527379711.646347,30022,2.368145227432251
1527379737.465588,30066,2.33341383934021
1527379769.493371,30120,2.4764304161071777
1527379800.232225,30172,2.4013116359710693
1527379837.176709,30235,2.408334255218506
1527379874.863538,30299,2.3838791847229004
1527379902.160889,30345,2.451918125152588
1527379943.887448,30416,2.385668992996216
1527379978.037717,30474,2.4402079582214355
1527380024.977196,30553,2.411919593811035
1527380077.176447,30641,2.474301815032959
1527380128.94529,30728,2.460009813308716
1527380170.722981,30798,2.4315922260284424
1527380226.241176,30890,2.304241895675659
1527380277.668301,30976,2.3598313331604004
1527380314.80299,31038,2.3987128734588623
1527380355.669639,31106,2.4602253437042236
1527380392.353539,31167,2.4971282482147217
1527380430.945065,31231,2.4266254901885986
1527380467.312685,31291,2.4396157264709473
1527380535.337496,31403,2.512934446334839
1527380625.172499,31551,2.468548059463501
1527380658.178811,31605,2.5297369956970215
1527380703.919551,31680,2.492772340774536
1527380795.740806,31830,2.4622974395751953
1527380846.067994,31912,2.529944896697998
1527380925.172717,32041,2.539085865020752
1527380974.617157,32121,2.430142402648926
1527381053.097425,32248,2.4696335792541504
1527381111.656245,32342,2.4677326679229736
1527381159.356699,32419,2.4803473949432373
1527381198.571619,32482,2.5318686962127686
1527381258.120026,32577,2.5873210430145264
1527381383.420172,32777,2.553701162338257
1527381421.083289,32837,2.4585392475128174
1527381480.089745,32931,2.4802145957946777
1527381529.201838,33009,2.4119367599487305
1527381598.795824,33119,2.4729108810424805
1527381670.393272,33232,2.4282634258270264
1527381763.423009,33378,2.42862606048584
1527381806.76532,33446,2.5390024185180664
1527381864.307047,33536,2.4176313877105713
1527381929.603244,33638,2.471752643585205
1527382001.383447,33749,2.4853298664093018
1527382063.003696,33845,2.559004545211792
1527382142.373374,33968,2.5401008129119873
1527382191.539366,34044,2.545790910720825
1527382271.047828,34167,2.411864995956421
1527382328.352896,34255,2.4447741508483887
1527382393.661188,34355,2.492064952850342
1527382434.801916,34418,2.5014476776123047
1527382477.226883,34483,2.4578213691711426
1527382535.011543,34571,2.489532470703125
1527382604.198837,34676,2.4829347133636475
1527382711.658595,34839,2.4869465827941895
1527382772.343569,34931,2.4403276443481445
1527382810.128119,34988,2.4552769660949707
1527382867.223732,35074,2.3912665843963623
1527382932.768477,35172,2.4777820110321045
1527382983.029413,35247,2.4260833263397217
1527383033.091876,35322,2.491032600402832
1527383117.972553,35449,2.4326565265655518
1527383197.492341,35567,2.4295780658721924
1527383296.700481,35714,2.459697961807251
1527383386.871551,35847,2.435307025909424
1527383441.152073,35927,2.4567689895629883
1527383503.323817,36018,2.4278147220611572
1527383558.950043,36099,2.4433765411376953
1527383613.692603,36179,2.329766273498535
1527383714.560092,36326,2.3626270294189453
1527383797.306247,36446,2.3666982650756836
1527383881.563976,36568,2.3376128673553467
1527383937.618505,36649,2.307372570037842
1527383995.231527,36732,2.3808977603912354
1527384050.694978,36812,15.737839698791504
1527384112.549506,36901,5.611350059509277
1527384215.480606,37049,4.1743621826171875
1527384322.383328,37202,3.45099139213562
1527384403.814886,37318,3.1425042152404785
1527384462.089075,37401,2.9139657020568848
1527384507.145159,37465,2.7966179847717285
1527384589.618184,37582,2.961124897003174
1527384639.833566,37653,2.6572906970977783
1527384713.392221,37757,2.534205913543701
1527384776.299966,37846,2.4240715503692627
1527384827.949898,37919,2.417163133621216
1527384882.05507,37995,2.307690143585205
1527384997.418156,38157,2.25797438621521
1527385041.30235,38217,2.2610340118408203
1527385096.189081,38293,2.188453197479248
1527385195.088108,38431,2.147512674331665
1527385339.45497,38631,2.1216354370117188
1527385393.045511,38705,2.1280689239501953
1527385463.432823,38802,2.021606922149658
1527385566.796716,38944,2.0524096488952637
1527385607.054748,38999,2.109607696533203
1527385650.876726,39059,1.9812356233596802
1527385721.898391,39156,2.396190881729126
1527385868.758903,39356,2.090400457382202
1527385921.92688,39428,2.021212577819824
1527386030.975662,39576,2.021779775619507
1527386120.44006,39697,2.069347858428955
1527386187.782642,39787,2.0362658500671387
1527386286.747328,39920,1.961508870124817
1527386435.685361,40120,2.024343729019165
1527386498.364972,40203,2.0212347507476807
1527386543.587074,40263,1.9610038995742798
1527386599.194191,40337,2.1117522716522217
1527386682.994611,40448,1.9446477890014648
1527386788.263012,40587,2.014444589614868
1527386891.381084,40723,2.0050644874572754
1527387043.452577,40923,2.080538272857666
1527387196.274284,41123,2.233396053314209
1527387349.633761,41323,2.2993545532226562
1527387472.849953,41483,2.3280155658721924
1527387609.375469,41660,2.315420150756836
1527387697.756771,41774,2.3314144611358643
1527387852.648047,41974,2.2579376697540283
1527387951.556251,42101,2.208411693572998
1527388068.03844,42250,3.062913417816162
1527388132.983865,42333,2.3917112350463867
1527388201.08095,42420,2.3098397254943848
1527388355.499891,42616,2.2101879119873047
1527388421.171036,42699,2.2267673015594482
1527388504.942457,42805,2.217071056365967
1527388639.054541,42974,2.1765520572662354
1527388699.543314,43050,2.225768804550171
1527388760.706694,43127,2.1510703563690186
1527388862.82786,43255,2.2065885066986084
1527388913.441229,43318,2.176624298095703
1527388948.573062,43362,2.1934547424316406
1527389108.900058,43562,2.1539082527160645
1527389208.226205,43685,2.1304028034210205
1527389301.363361,43800,2.13325834274292
1527389361.333511,43875,2.236006021499634
1527389409.28444,43935,2.0972301959991455
1527389569.61133,44135,2.232132911682129
1527389653.352012,44239,2.1354057788848877
1527389676.674918,44268,2.2217471599578857
1527389799.41292,44420,2.21286940574646
1527389897.196252,44541,2.375784397125244
1527389917.424358,44566,2.2637414932250977
1527389940.866672,44595,2.248361110687256
1527389969.329867,44630,2.2796549797058105
1527389978.276838,44641,2.2098073959350586
1527389988.003791,44653,2.243086576461792
1527389998.586157,44666,2.19574236869812
1527390006.714548,44676,2.2411139011383057
1527390015.699586,44687,2.176424503326416
1527390024.627849,44698,2.1302499771118164
1527390034.424201,44710,2.09704327583313
1527390043.369779,44721,2.1330392360687256
1527390052.338123,44732,2.0716352462768555
1527390061.250158,44743,2.1641478538513184
1527390070.265698,44754,2.1424694061279297
1527390079.320524,44765,2.158708333969116
1527390088.458119,44776,2.2843408584594727
1527390097.481082,44787,2.2097442150115967
1527390105.653509,44797,2.2024688720703125
1527390114.617645,44808,2.1829171180725098
1527390122.764462,44818,2.1211397647857666
1527390131.725542,44829,2.0716843605041504
1527390140.681289,44840,2.1289327144622803
1527390148.832601,44850,2.187087297439575
1527390157.808834,44861,2.1448493003845215
1527390165.997618,44871,1.9678301811218262
1527390175.079902,44882,2.099120616912842
1527390184.893983,44894,2.3291335105895996
1527390193.931098,44905,2.1830453872680664
1527390202.899117,44916,2.0855071544647217
1527390211.064618,44926,2.198042869567871
1527390220.881904,44938,2.2525477409362793
1527390228.259914,44947,2.232429027557373
1527390237.271554,44958,2.1420767307281494
1527390246.216129,44969,2.118156909942627
1527390254.420031,44979,2.1395602226257324
1527390262.602342,44989,2.0587356090545654
1527390270.76494,44999,2.058154582977295
1527390278.980768,45009,2.088776111602783
1527390288.778661,45021,2.10502028465271
1527390297.066889,45031,2.1046838760375977
1527390305.252803,45041,1.9933454990386963
1527390313.551626,45051,2.0158236026763916
1527390321.723748,45061,2.1249217987060547
1527390329.897484,45071,2.0851798057556152
1527390337.324461,45080,2.0973150730133057
1527390347.165841,45092,2.168205976486206
1527390356.176567,45103,2.097386121749878
1527390366.042225,45115,2.132589817047119
1527390375.088209,45126,2.0545365810394287
1527390383.343653,45136,2.0372605323791504
1527390391.590814,45146,2.052860975265503
1527390399.798007,45156,2.0705630779266357
1527390408.058062,45166,2.1249642372131348
1527390417.216708,45177,2.1752030849456787
1527390425.397009,45187,2.1646037101745605
1527390434.477275,45198,2.068930149078369
1527390442.804357,45208,2.259422779083252
1527390454.531202,45222,2.1779348850250244
1527390462.742155,45232,2.4174516201019287
1527390470.953356,45242,2.383296012878418
1527390479.126502,45252,2.137382745742798
1527390487.405395,45262,2.0935847759246826
1527390498.067082,45275,2.041295051574707
1527390506.304205,45285,2.0986440181732178
1527390514.495482,45295,2.027045726776123
1527390525.139156,45308,2.077328681945801
1527390533.409781,45318,2.1931138038635254
1527390543.380798,45330,2.1831538677215576
1527390553.232192,45342,2.069789409637451
1527390562.35321,45353,2.140082597732544
1527390570.576275,45363,2.0280961990356445
1527390579.623199,45374,1.9460408687591553
1527390590.388432,45387,2.144042730331421
1527390599.439283,45398,2.1375114917755127
1527390608.511803,45409,2.1199328899383545
1527390618.383081,45421,2.102905511856079
1527390626.583528,45431,2.10237979888916
1527390634.85584,45441,2.0015618801116943
1527390642.25939,45450,1.9192054271697998
1527390650.492626,45460,2.001755714416504
1527390659.581462,45471,2.095698595046997
1527390669.607486,45483,2.022172689437866
1527390677.861042,45493,1.9434365034103394
1527390687.12673,45504,2.0371835231781006
1527390695.406588,45514,1.995430588722229
1527390705.274229,45526,2.0599541664123535
1527390716.070658,45539,2.134357213973999
1527390725.147065,45550,2.1066863536834717
1527390739.936435,45568,2.1005663871765137
1527390748.188257,45578,2.0451173782348633
1527390756.521794,45588,2.0487864017486572
1527390766.48251,45600,2.14532732963562
1527390774.801099,45610,2.1590113639831543
1527390786.347703,45624,2.1685659885406494
1527390797.101109,45637,2.201056718826294
1527390806.233558,45648,2.055894374847412
1527390815.509048,45659,1.9286012649536133
1527390824.663084,45670,1.9850443601608276
1527390834.632688,45682,2.085958957672119
1527390842.051192,45691,2.1860172748565674
1527390854.418392,45706,2.041318655014038
1527390862.727993,45716,2.108720064163208
1527390872.66873,45728,2.1956722736358643
1527390884.295585,45742,2.2072575092315674
1527390895.072241,45755,2.194012403488159
1527390904.214641,45766,2.0220136642456055
1527390915.003765,45779,2.0650126934051514
1527390925.769055,45792,2.027707815170288
1527390936.703337,45805,2.0225610733032227
1527390947.653795,45818,2.0242245197296143
1527390956.790899,45829,1.9366614818572998
1527390967.574866,45842,2.0326390266418457
1527390978.380979,45855,1.9884955883026123
1527390990.138544,45869,2.054548740386963
1527391000.91259,45882,2.0298373699188232
1527391010.912261,45894,2.002009153366089
1527391114.937951,46019,2.052438974380493
1527391125.828329,46032,1.95645272731781
1527391136.647506,46045,1.9794684648513794
1527391147.55228,46058,2.040990114212036
1527391157.541822,46070,2.078941822052002
1527391167.556189,46082,2.0400071144104004
1527391267.644016,46202,2.0587263107299805
1527391282.913657,46220,2.1735432147979736
1527391293.282396,46232,2.025792121887207
1527391304.268872,46245,2.0802080631256104
1527391314.289865,46257,2.2985024452209473
1527391325.992714,46271,1.964436650276184
1527391336.892957,46284,2.053420305252075
1527391348.682936,46298,2.7772696018218994
1527391361.275025,46313,2.365502119064331
1527391372.99873,46327,2.1728355884552
1527391383.960833,46340,2.0404858589172363
1527391394.914224,46353,2.0214056968688965
1527391473.101019,46446,2.0732502937316895
1527391483.169423,46458,2.1764750480651855
1527391493.26553,46470,2.1297707557678223
1527391504.978618,46484,2.1077709197998047
1527391515.943351,46497,2.236436367034912
1527391527.011175,46510,2.0516059398651123
1527391537.96546,46523,2.1990902423858643
1527391548.961553,46536,2.1095664501190186
1527391623.140801,46624,2.121974468231201
1527391634.104512,46637,2.0474331378936768
1527391645.089095,46650,2.1880300045013428
1527391796.763184,46829,2.111306667327881
1527391809.680264,46844,2.078605890274048
1527391820.691778,46857,2.258326768875122
1527391832.541761,46871,2.154878854751587
1527391843.533662,46884,2.121596097946167
1527391856.217946,46899,2.158407211303711
1527391867.275313,46912,2.120635509490967
1527391878.311187,46925,2.085341215133667
1527391887.739798,46936,2.1361429691314697
1527391898.814343,46949,2.016162395477295
1527391987.27549,47053,2.0730903148651123
1527391997.741467,47065,2.0885181427001953
1527392010.454399,47080,2.0678420066833496
1527392125.38881,47215,2.058842420578003
1527392297.044843,47415,5.559726715087891
1527392396.793667,47531,2.9863994121551514
1527392569.299294,47731,2.727029323577881
1527392669.508032,47847,5.844493865966797
1527392781.084374,47976,3.5094566345214844
1527392955.037155,48176,3.081822156906128
1527393061.345928,48298,2.755361795425415
1527393179.255356,48433,2.6821084022521973
1527393354.544677,48633,2.4700210094451904
1527393530.927856,48833,2.435908794403076
1527393707.363332,49033,2.377319812774658
1527393884.473816,49233,2.3953394889831543
1527393998.097821,49361,2.3229048252105713
1527394144.921235,49527,2.312765598297119
1527394233.28593,49627,2.4215824604034424
1527394345.798913,49753,2.2811527252197266
1527394523.619515,49953,2.3117406368255615
1527394598.625588,50037,2.3990936279296875
1527394713.762735,50166,2.3140292167663574
1527394812.489889,50276,2.3186347484588623
1527394925.833354,50402,2.298513174057007
1527395105.900114,50602,2.3770484924316406
1527395220.951884,50729,2.3680436611175537
1527395345.714639,50867,2.3222320079803467
1527395458.989561,50992,2.3502283096313477
1527395618.614858,51167,2.3418493270874023
1527395728.60602,51287,2.304170608520508
1527395822.233974,51389,2.3330533504486084
1527395937.128375,51514,2.372802972793579
1527396121.40923,51714,3.167785406112671
1527396264.895077,51869,2.783996820449829
1527396381.741273,51995,2.497821807861328
1527396489.55249,52111,2.3902642726898193
1527396657.026059,52291,2.3893470764160156
1527396764.501331,52406,2.343762159347534
1527396858.017686,52506,2.371377468109131
1527396961.860627,52617,2.3779430389404297
1527397060.575115,52722,2.3519535064697266
1527397160.116211,52828,2.328598976135254
1527397347.901452,53028,2.349038600921631
1527397467.608285,53155,2.3683767318725586
1527397581.775955,53276,2.3363330364227295
1527397670.563432,53370,2.3485970497131348
1527397791.035425,53497,2.355635404586792
1527397906.027175,53618,3.287447452545166
1527398096.231664,53818,2.9079272747039795
1527398256.816352,53986,2.602426767349243
1527398383.429734,54118,2.4927337169647217
1527398575.609841,54318,2.483181953430176
1527398768.700142,54518,2.441406011581421
1527398931.207561,54686,2.4654157161712646
1527399125.37838,54886,2.456441879272461
1527399252.068153,55016,2.52329158782959
1527399367.469845,55134,2.4260177612304688
1527399563.125148,55334,2.5208077430725098
1527399759.539784,55534,2.7760002613067627
1527399956.337059,55734,2.5342233180999756
1527400154.301424,55934,2.515885591506958
1527400268.636439,56049,2.545607089996338
1527400370.871491,56152,2.5199384689331055
1527400488.085895,56270,2.527993679046631
1527400688.084088,56470,2.5580832958221436
1527400887.804999,56670,2.5569493770599365
1527401088.402895,56870,2.5732994079589844
1527401289.729255,57070,2.5933218002319336
1527401440.193083,57219,2.666457176208496
1527401642.546383,57419,2.662635087966919
1527401745.182997,57520,2.6183664798736572
1527401853.172167,57626,2.611793041229248
1527401969.442313,57740,2.570240020751953
1527402173.783225,57940,2.592630624771118
1527402379.199739,58140,2.6194515228271484
1527402572.047594,58327,2.6850268840789795
1527402778.797728,58527,2.6349830627441406
1527402985.881904,58727,2.590034008026123
1527403161.308973,58896,2.5467824935913086
1527403369.669377,59096,2.6281521320343018
1527403488.672843,59216,2.532949686050415
1527403681.490055,59416,2.62506103515625
1527403875.480153,59616,2.5820724964141846
1527404073.343227,59816,2.56027889251709
1527404248.006732,59957,2.5764763355255127
